{
   "ASPECT" : 0.84705900000000001,
   "CX" : -1.78814e-07,
   "CY" : -5.9604599999999999e-07,
   "CZ" : 5.9604599999999999e-07,
   "EX" : 0.78278199999999998,
   "EY" : 1.0403800000000001,
   "EZ" : 0.98804499999999995,
   "FAR" : 10000,
   "FOV" : 60,
   "NEAR" : 0.10000000000000001,
   "WX" : 0,
   "WY" : 1,
   "WZ" : 0
}
