{
   "ASPECT" : 0.84705900000000001,
   "CX" : 1.43051e-06,
   "CY" : -8.9406999999999996e-07,
   "CZ" : 7.0035500000000003e-07,
   "EX" : -1.0643800000000001,
   "EY" : 0.337063,
   "EZ" : -0.16742599999999999,
   "FAR" : 10000,
   "FOV" : 60,
   "NEAR" : 0.10000000000000001,
   "WX" : 0,
   "WY" : 1,
   "WZ" : 0
}
