{
   "ASPECT" : 0.91935485601425171,
   "CX" : 4.76837158203125e-07,
   "CY" : 8.6426734924316406e-07,
   "CZ" : 1.3113021850585938e-06,
   "EX" : -5.400597095489502,
   "EY" : 0.17069071531295776,
   "EZ" : -1.7849280834197998,
   "FAR" : 10000,
   "FOV" : 60,
   "NEAR" : 0.10000000149011612,
   "WX" : 0,
   "WY" : 1,
   "WZ" : 0
}
