{
   "ASPECT" : 0.84606300000000001,
   "CX" : 0,
   "CY" : 0,
   "CZ" : 0,
   "EX" : 0,
   "EY" : 0,
   "EZ" : 5.3323600000000004,
   "FAR" : 10000,
   "FOV" : 60,
   "NEAR" : 0.10000000000000001,
   "WX" : 0,
   "WY" : 1,
   "WZ" : 0
}
