{
   "ASPECT" : 0.84705900000000001,
   "CX" : 7.1525600000000001e-07,
   "CY" : -1.3113e-06,
   "CZ" : 1.90735e-06,
   "EX" : -2.3633700000000002,
   "EY" : 1.77579,
   "EZ" : 2.6946300000000001,
   "FAR" : 10000,
   "FOV" : 60,
   "NEAR" : 0.10000000000000001,
   "WX" : 0,
   "WY" : 1,
   "WZ" : 0
}
