{
   "ASPECT" : 0.84705900000000001,
   "CX" : 5.9604600000000002e-08,
   "CY" : -2.3841900000000001e-07,
   "CZ" : 7.7486000000000004e-07,
   "EX" : 0.58419500000000002,
   "EY" : 1.44432,
   "EZ" : 0.93180600000000002,
   "FAR" : 10000,
   "FOV" : 60,
   "NEAR" : 0.10000000000000001,
   "WX" : 0,
   "WY" : 1,
   "WZ" : 0
}
