{
   "ASPECT" : 0.84705900000000001,
   "CX" : 1.78814e-07,
   "CY" : -1.1920900000000001e-07,
   "CZ" : 8.9406999999999996e-07,
   "EX" : 0.58419500000000002,
   "EY" : 1.44432,
   "EZ" : 0.93180600000000002,
   "FAR" : 1000,
   "FOV" : 60,
   "NEAR" : 0.10000000000000001,
   "WX" : 0,
   "WY" : 1,
   "WZ" : 0
}
