{
   "ASPECT" : 0.84705900000000001,
   "CX" : -1.43051e-06,
   "CY" : 0,
   "CZ" : 4.35114e-06,
   "EX" : 2.3777200000000001,
   "EY" : 1.1809499999999999,
   "EZ" : 0.98846199999999995,
   "FAR" : 10000,
   "FOV" : 60,
   "NEAR" : 0.10000000000000001,
   "WX" : 0,
   "WY" : 1,
   "WZ" : 0
}
