{
   "ASPECT" : 1.04129,
   "CX" : -2.8610199999999999e-06,
   "CY" : -1.90735e-06,
   "CZ" : 8.34465e-07,
   "EX" : -4.3863700000000003,
   "EY" : 4.3082799999999999,
   "EZ" : -1.4652400000000001,
   "FAR" : 1000,
   "FOV" : 60,
   "NEAR" : 0.10000000000000001,
   "WX" : 0,
   "WY" : 1,
   "WZ" : 0
}
